avg_rating,no_ratings,desc,Whisky-ID,Brennerei,"Land, Region",Sorte,Alter,Alkoholgehalt,Flaschen­größe,Abfüller,Merkmale,Aroma-Rauch:,Aroma-Maritime Noten:,Aroma-Seetang:,Aroma-Süße:,Aroma-Sherry:,Aroma-Jod:,Aroma-Schinken:,Aroma-Früchte:,Aroma-Lagerfeuer:,Aroma-Eiche:,Aroma-Medizinischer Rauch:,Aroma-Salz:,Aroma-Gewürze:,Aroma-Herb:,Aroma-Vanille:,Aroma-Malz:,Aroma-Zitrus:,Aroma-Getrocknete Früchte:,Aroma-Leder:,Aroma-Karamell:,Aroma-Honig:,Aroma-Rosine:,Aroma-Kräuter:,Aroma-Alkohol:,Aroma-Orange:,Aroma-Dunkle Schokolade:,Aroma-Nüsse:,Aroma-Zitrone:,Aroma-Zimt:,Aroma-Pfirsich:,Aroma-Apfel:,Aroma-Gras:,Aroma-Trauben:,Aroma-Anis:,Aroma-Kaffee:,Aroma-Kirsche:,Aroma-Kuchen:,Aroma-Minze:,Aroma-Öl:,Aroma-Schokolade:,Aroma-Tabak:,Aroma-Floral:,Aroma-Heide:,Aroma-Pfeffer:,Aroma-Brombeere:,Aroma-Chili:,Aroma-Feige:,Aroma-Gerste:,Aroma-Grüner Apfel:,Aroma-Ingwer:,Aroma-Kiwi:,Aroma-Limette:,Aroma-Melone:,Aroma-Muskat:,Aroma-Nelke:,Aroma-Pflaume:,Aroma-Walnuss:,Aroma-Banane:,Aroma-Beeren:,Aroma-Birne:,Aroma-Dattel:,Aroma-Ananas:,Geschmack-Rauch:,Geschmack-Süße:,Geschmack-Maritime Noten:,Geschmack-Gewürze:,Geschmack-Seetang:,Geschmack-Sherry:,Geschmack-Salz:,Geschmack-Eiche:,Geschmack-Früchte:,Geschmack-Lagerfeuer:,Geschmack-Schinken:,Geschmack-Malz:,Geschmack-Herb:,Geschmack-Medizinischer Rauch:,Geschmack-Jod:,Geschmack-Nüsse:,Geschmack-Dunkle Schokolade:,Geschmack-Pfeffer:,Geschmack-Vanille:,Geschmack-Zitrus:,Geschmack-Öl:,Geschmack-Chili:,Geschmack-Karamell:,Geschmack-Honig:,Geschmack-Getrocknete Früchte:,Geschmack-Leder:,Geschmack-Kaffee:,Geschmack-Kräuter:,Geschmack-Schokolade:,Geschmack-Tabak:,Geschmack-Alkohol:,Geschmack-Heide:,Geschmack-Zitrone:,Geschmack-Zimt:,Geschmack-Beeren:,Geschmack-Gerste:,Geschmack-Ananas:,Geschmack-Apfel:,Geschmack-Dattel:,Geschmack-Rosine:,Geschmack-Grapefruit:,Geschmack-Ingwer:,Geschmack-Pfirsich:,Geschmack-Anis:,Geschmack-Birne:,Geschmack-Trauben:,Geschmack-Mandeln:,Geschmack-Kuchen:,Geschmack-Melone:,Geschmack-Pflaume:,Geschmack-Walnuss:,Geschmack-Zitronenschale:,Geschmack-Muskat:,Geschmack-Nelke:,Geschmack-Banane:,Geschmack-Brombeere:,Geschmack-Schwarze Johannisbeere:,Geschmack-Kirsche:,Geschmack-Limette:,Geschmack-Feige:,Geschmack-Floral:,Geschmack-Orange:,Abgang-Rauch:,Abgang-Maritime Noten:,Abgang-Süße:,Abgang-Eiche:,Abgang-Gewürze:,Abgang-Seetang:,Abgang-Salz:,Abgang-Malz:,Abgang-Sherry:,Abgang-Herb:,Abgang-Lagerfeuer:,Abgang-Schinken:,Abgang-Nüsse:,Abgang-Früchte:,Abgang-Dunkle Schokolade:,Abgang-Jod:,Abgang-Pfeffer:,Abgang-Medizinischer Rauch:,Abgang-Öl:,Abgang-Schokolade:,Abgang-Leder:,Abgang-Kaffee:,Abgang-Kräuter:,Abgang-Zitrus:,Abgang-Heide:,Abgang-Tabak:,Abgang-Chili:,Abgang-Vanille:,Abgang-Karamell:,Abgang-Alkohol:,Abgang-Getrocknete Früchte:,Abgang-Orange:,Abgang-Rosine:,Abgang-Birne:,Abgang-Honig:,Abgang-Mandeln:,Abgang-Minze:,Abgang-Schwarze Johannisbeere:,Abgang-Trauben:,Abgang-Tropische Früchte:,Abgang-Zimt:,Abgang-Zitrone:,Abgang-Zitronenschale:,Abgang-Anis:,Abgang-Apfel:,Abgang-Feige:,Abgang-Haselnüsse:,Abgang-Heu:,Abgang-Ingwer:,Abgang-Kirsche:,Abgang-Limette:,Abgang-Pfirsich:,Fassreifung,Aroma-Mandeln:,Aroma-Heu:,Aroma-Zitronenschale:,Aroma-Haselnüsse:,Aroma-Grapefruit:,Aroma-Erdbeere:,Geschmack-Gras:,Geschmack-Minze:,Geschmack-Erdbeere:,Geschmack-Haselnüsse:,Abgang-Floral:,Abgang-Walnuss:,Abgang-Grüner Apfel:,Abgang-Gras:,Abgang-Kuchen:,Abgang-Pflaume:,Aroma-Tropische Früchte:,Geschmack-Weizen:,Geschmack-Heu:,Geschmack-Grüner Apfel:,Abgang-Nelke:,Abgang-Gerste:,Abgang-Ananas:,Abgang-Banane:,Abgang-Beeren:,Abgang-Kokosnuss:,Abgang-Muskat:,Geschmack-Roggen:,Abgang-Dattel:,Abgang-Grapefruit:,Abfüll­datum,Aroma-Kokosnuss:,Geschmack-Tropische Früchte:,Abgang-Brombeere:,Aroma-Schwarze Johannisbeere:,Serie,Aroma-Weizen:,Abgang-Weizen:,Geschmack-Kiwi:,Abgang-Rote Johannisbeere:,Nachreifung,Geschmack-Rote Johannisbeere:,Abgang-Erdbeere:,Abgang-Kiwi:,2. Nachreifung,Aroma-Rote Johannisbeere:,Geschmack-Kokosnuss:
4.5,"1,364","Der Klassiker von Lagavulin wird mit einem hohen Rauchgehalt im Malz gedarrt. Die Brennblasen der Brennerei sind birnenförmig, so dass beim Destillieren alle Geschmacksstoffe in die Kondensatoren weitergeleitet werden können. Anschließend reift der Single Malt in Bourbon- und Sherryfässern bis zur Vollendung.",6,Lagavulin,"Schottland,
								
							
							
								
									Islay",Single Malt Whisky,16 Jahre,43%,0.7 l,Originalabfüller,, 4.681 , 3.835 , 3.7286 , 2.1561 , 1.3404 , 1.5893 , 1.4342 , 0.8162 , 1.3416 , 0.8316 , 0.8916 , 0.7558 , 0.6002 , 0.5675 , 0.3704 , 0.3456 , 0.304 , 0.3682 , 0.36 , 0.3296 , 0.1807 , 0.2013 , 0.1746 , 0.1937 , 0.1533 , 0.1341 , 0.1111 , 0.0959 , 0.0927 , 0.0959 , 0.0948 , 0.0767 , 0.0767 , 0.0776 , 0.0581 , 0.0574 , 0.0581 , 0.0568 , 0.0574 , 0.0561 , 0.0574 , 0.0378 , 0.0383 , 0.0378 , 0.0387 , 0.0383 , 0.0366 , 0.0183 , 0.0194 , 0.0191 , 0.0194 , 0.0191 , 0.0191 , 0.0191 , 0.0191 , 0.0191 , 0.0202 , 0.0187 , 0.0187 , 0.0187 , 0.0191 , 0.0191 , 4.9687 , 2.9063 , 3.4344 , 1.7502 , 2.8878 , 1.109 , 2.0086 , 1.4475 , 0.8512 , 1.1499 , 0.9885 , 0.7009 , 0.7603 , 0.5812 , 0.5427 , 0.4491 , 0.4358 , 0.4122 , 0.336 , 0.3686 , 0.2797 , 0.2556 , 0.2359 , 0.209 , 0.2302 , 0.2328 , 0.1915 , 0.183 , 0.183 , 0.1685 , 0.155 , 0.1163 , 0.0959 , 0.0837 , 0.0767 , 0.0548 , 0.0574 , 0.0574 , 0.0574 , 0.0548 , 0.0383 , 0.0383 , 0.0387 , 0.0387 , 0.0383 , 0.0383 , 0.0383 , 0.0387 , 0.0194 , 0.0183 , 0.0202 , 0.0194 , 0.0194 , 0.0191 , 0.0191 , 0.0194 , 0.0202 , 0.0191 , 0.0194 , 0.0194 , 0.0191 , 0.0189 , 4.1435 , 2.453 , 2.2338 , 1.9263 , 1.2524 , 1.4537 , 1.3224 , 0.9284 , 0.7534 , 0.7956 , 0.7364 , 0.5621 , 0.5115 , 0.4211 , 0.3641 , 0.3682 , 0.3478 , 0.2715 , 0.2684 , 0.2276 , 0.2302 , 0.2107 , 0.1894 , 0.1915 , 0.1356 , 0.1163 , 0.115 , 0.0948 , 0.0948 , 0.0802 , 0.0776 , 0.0776 , 0.0574 , 0.0581 , 0.0387 , 0.0387 , 0.0387 , 0.04 , 0.0191 , 0.0194 , 0.0189 , 0.0194 , 0.0194 , 0.0194 , 0.0191 , 0.0194 , 0.0194 , 0.0194 , 0.0191 , 0.0194 , 0.0194 , 0.0194 ,,,,,,,,,,,,,,,,,,,,,,,,,,,,,,,,,,,,,,,,,,,,,,,,
3.8,"1,022",Der 12-jährige Highland Park ist der wichtigste Eckpfeiler im Sortiment der Brennerei. In Sherryfässern gereift überzeugt er mit einem süßen und würzigen Charakter.,19383,Highland Park,"Schottland,
								
							
							
								
									Inseln",Single Malt Whisky,12 Jahre,40%,0.7 l,Originalabfüller,, 4.1599 , 0.1172 , 0.1103 , 3.4841 , 2.9808 ,, 0.0724 , 2.0144 , 0.2143 , 1.0548 , 0.0962 , 0.0242 , 0.9119 , 0.1821 , 0.7071 , 1.2026 , 0.7756 , 0.1446 , 0.0708 , 0.5006 , 1.5324 , 0.0684 , 3.0406 , 0.1204 , 0.3096 , 0.0239 , 0.276 , 0.1667 ,, 0.119 , 0.1648 , 0.143 ,,,, 0.0951 , 0.0242 ,, 0.0239 , 0.0466 , 0.119 , 0.4475 , 2.9061 , 0.094 , 0.0242 , 0.0239 , 0.1137 ,, 0.1686 ,, 0.0242 ,,, 0.0239 , 0.0716 , 0.0477 ,, 0.07 , 0.0234 , 0.2095 , 0.0951 , 0.119 , 3.6773 , 3.5996 , 0.3575 , 1.8377 , 0.2168 , 1.9506 , 0.2119 , 2.0075 , 1.0141 , 0.2622 , 0.0482 , 2.1781 , 0.3436 , 0.0748 ,, 0.7301 , 0.1648 , 0.2563 , 0.4745 , 0.4798 , 0.4997 , 0.254 , 0.3351 , 1.6441 , 0.0951 , 0.0724 , 0.0716 , 1.616 , 0.2048 , 0.0466 , 0.0962 , 1.4213 , 0.0477 , 0.0209 , 0.0239 , 0.0228 , 0.0716 , 0.0477 , 0.0239 , 0.0228 , 0.0477 ,, 0.0724 ,,,,, 0.0724 ,, 0.0684 , 0.0253 ,, 0.0482 , 0.0239 , 0.0239 , 0.0482 ,, 0.0716 ,,, 0.1667 , 0.3061 , 3.172 , 0.1667 , 2.4579 , 2.4376 , 2.1063 , 0.0724 , 0.0716 , 1.7901 , 1.2769 , 0.7773 , 0.1686 , 0.0482 , 0.4711 , 0.8874 , 0.3334 , 0.0242 , 0.1821 ,, 0.2383 , 0.1885 , 0.119 , 0.0716 , 1.6488 , 0.2622 , 1.5177 , 0.0962 , 0.0951 , 0.1177 , 0.1648 , 0.0748 , 0.0242 , 0.0962 , 0.0477 , 0.0482 , 0.5061 ,,,, 0.0239 ,,, 0.0242 ,,, 0.0239 , 0.0242 ,,,,, 0.0242 ,,"Sherry,
						
							Sherry Refill", 0.0951 , 0.0716 , 0.0482 , 0.0242 , 0.0242 , 0.0253 , 0.0951 , 0.0471 , 0.0253 , 0.0239 , 0.1204 , 0.0504 , 0.0253 , 0.0242 , 0.0242 , 0.0242 ,,,,,,,,,,,,,,,,,,,,,,,,,,,,,,,
4.2,"1,005","Sie bevorzugen rauchigen, intensiven Whisky? Dann sollten Sie sich eine Flasche dieses Ardbeg TEN gönnen. Er schmeckt voll und intensiv. Darüber schwebt eine aromatische Rauchnote. Dieser Malt Whisky ist nicht kühlgefiltert.

Er schmeckt voll und intensiv.",248,Ardbeg,"Schottland,
								
							
							
								
									Islay",Single Malt Whisky,10 Jahre,46%,0.7 l,Originalabfüller,, 4.9725 , 2.5094 , 2.4354 , 2.9089 , 0.1521 , 0.2832 , 0.523 , 1.0093 , 1.3576 , 0.5916 , 1.3512 , 0.523 , 0.7123 , 0.5146 , 0.699 , 0.544 , 1.3314 , 0.0435 , 0.4688 , 0.2058 , 0.3143 ,, 0.4715 , 0.5012 , 0.1293 , 0.0646 , 0.1873 , 0.5172 , 0.0624 , 0.0431 , 0.1704 , 0.1509 , 0.0431 , 0.0218 , 0.0435 , 0.0215 ,, 0.0851 , 0.0861 , 0.0421 , 0.0646 , 0.1064 , 0.1939 , 0.213 ,, 0.0215 , 0.0206 , 0.0411 , 0.0435 , 0.0431 ,, 0.1076 , 0.0431 , 0.0215 ,,, 0.0228 , 0.021 , 0.0631 , 0.2527 ,, 0.1293 , 5 , 2.9748 , 2.6941 , 2.2366 , 2.5714 , 0.2353 , 0.9586 , 1.1478 , 0.7443 , 1.2926 , 0.6538 , 1.1328 , 0.6022 , 0.9013 , 0.2614 , 0.4856 , 0.0851 , 0.8003 , 0.5494 , 1.5391 , 0.3343 , 0.3449 , 0.2272 , 0.2347 , 0.0646 , 0.1308 , 0.2154 , 0.4941 , 0.3086 , 0.1685 , 0.7191 , 0.1961 , 0.625 , 0.094 , 0.0646 , 0.0617 , 0.0431 , 0.0861 , 0.0646 , 0.0206 , 0.0646 , 0.1076 ,, 0.0435 , 0.0431 , 0.0431 , 0.0431 , 0.0218 , 0.0435 , 0.0411 , 0.0228 , 0.1526 ,, 0.0646 , 0.0646 , 0.0218 ,, 0.0215 , 0.1088 , 0.0218 , 0.1293 , 0.1064 , 4.5734 , 1.2711 , 3.3759 , 1.4048 , 1.872 , 0.9588 , 0.4741 , 1.9598 , 0.154 , 0.7882 , 0.7627 , 0.2396 , 0.2981 , 0.4735 , 0.3015 , 0.0871 , 0.5352 , 0.5666 , 0.2154 , 0.213 , 0.2154 , 0.1509 , 0.3624 , 0.4741 , 0.1961 , 0.1526 , 0.2154 , 0.3407 , 0.1917 , 0.2928 , 0.0218 , 0.0653 ,, 0.0653 , 0.1308 , 0.0218 , 0.0435 ,,,, 0.0426 , 0.2614 , 0.1088 ,,,,, 0.0435 ,,, 0.0435 ,,, 0.0215 , 0.0861 , 0.1526 , 0.0218 , 0.0435 ,, 0.0861 , 0.0213 ,,, 0.0871 , 0.0228 ,,, 0.0218 , 0.0218 , 0.1076 , 0.0411 , 0.0435 , 0.0218 , 0.0861 , 0.0653 , 0.0218 , 0.0218 , 0.0215 , 0.0228 , 0.0218 ,,,,,,,,,,,,,,,,,,,,
3.9,918,"Balvenie Double Wood 12 Jahre konnte 2018 25. Geburtstag feiern. Dieser Meilenstein begann 1993 und ist der Beweis für die handwerkliche Begabung von Malt Master David Stewart, der 1982 ein Verfahren entwickelte, das heute unter dem Namen 'Wood Finishing' bekannt ist. Für den 12-jährigen Balvenie Double Wood werden Ex-Bourbonfässer aus amerikanischer Eiche und Hogsheads verwendet. Seine Nachreifung erhält dieser Single Malt in Ex-Oloroso-Sherryfässern aus spanischer Eiche. Beste Whiskys aus 25 Jahren Whisky.de - Schottland",33036,Balvenie,"Schottland,
								
							
							
								
									Speyside",Single Malt Whisky,12 Jahre,40%,0.7 l,Originalabfüller,, 0.1951 ,,, 4.271 , 3.6975 ,,, 2.6423 ,, 1.2821 ,,, 0.7305 , 0.0554 , 2.9781 , 0.2611 , 3.2398 , 0.1756 , 0.0286 , 0.5551 , 2.409 , 0.083 , 0.1847 , 0.2344 , 3.3878 ,, 0.6433 , 0.2896 , 0.42 , 0.1446 , 0.3151 , 0.0289 , 0.0289 ,,, 0.0868 ,, 0.0573 , 0.058 , 0.1131 , 0.0289 , 0.0286 , 0.058 , 0.0286 , 0.0586 ,,, 0.0554 , 0.0586 ,,, 0.058 , 0.0289 ,, 0.0289 ,, 0.0918 , 0.0567 , 0.0567 , 0.1414 ,, 0.058 , 0.2361 , 3.7458 ,, 1.6734 ,, 2.9085 ,, 2.4631 , 2.0362 ,,, 0.6619 , 0.235 ,,, 3.3411 , 0.2003 , 0.1414 , 1.5687 , 1.8298 , 0.8714 , 0.1544 , 0.8144 , 2.3139 , 0.1446 ,, 0.0289 , 0.2215 , 0.3872 , 0.0282 , 0.2344 , 0.0878 ,, 0.6325 , 0.1446 ,,, 0.1157 , 0.0868 , 0.1659 , 0.1157 ,, 0.1462 ,, 0.2026 ,, 0.1446 , 0.0292 ,, 0.0276 , 0.0613 ,, 0.0292 ,, 0.058 ,,,, 0.0292 , 0.0292 , 0.0289 , 1.6606 , 0.4582 ,, 3.2643 , 3.4086 , 2.162 ,,, 1.0878 , 1.6814 , 0.6012 , 0.0292 ,, 2.2331 , 1.1896 , 0.3764 ,, 0.1382 ,, 0.7819 , 0.2863 ,, 0.058 , 0.0286 , 0.724 , 0.0292 , 0.0586 , 0.1157 , 0.8875 , 0.2578 , 0.3936 , 0.0292 , 0.4977 , 0.0868 , 0.0586 , 0.5563 , 0.1756 ,,, 0.0289 ,, 0.4007 , 0.0292 ,,, 0.0868 , 0.0292 , 0.1462 ,,, 0.0292 ,,,Bourbonfässer and Finish in Oloroso-Sherryfässern, 0.1157 , 0.0289 ,, 0.0292 , 0.0292 , 0.0305 ,,,,, 0.0292 , 0.0305 , 0.0305 ,, 0.0586 ,, 0.0289 , 0.0276 ,,, 0.0289 ,,,, 0.0289 ,, 0.0292 , 0.0305 , 0.0289 , 0.0292 ,,,,,,,,,,,,,,,,,
4.6,824,Dies war der erste neue Original-Ardbeg in Fassstärke nach der Zeit der Schließung der Brennerei! Er wird aus 90% Ex-Bourbon und 10% Malts aus Sherryfässern kreiert. Damit ist er etwas fruchtiger und weicher als der 10-Jährige. Die Fassstärke sorgt für Kraft!,464,Ardbeg,"Schottland,
								
							
							
								
									Islay",Single Malt Whisky,,54.2%,0.7 l,Originalabfüller,, 4.4252 , 1.3227 , 1.1558 , 3.1572 , 2.5383 , 0.3077 , 0.9539 , 1.1107 , 1.491 , 0.8353 , 0.3384 , 0.4925 , 1.006 , 2.064 , 0.9662 , 0.5762 , 0.4066 , 0.3693 , 0.6017 , 1.0465 , 0.4177 , 0.3779 , 0.416 , 0.4614 , 0.1825 , 0.213 , 0.2644 , 0.0304 , 0.0294 , 0.0607 , 0.03 , 0.1218 , 0.1218 , 0.0614 , 0.7694 ,, 0.2155 , 0.0904 , 0.0607 , 0.4163 , 1.004 , 0.1204 , 0.1522 , 0.0904 , 0.0925 , 0.0304 , 0.0874 ,,, 0.0304 ,, 0.0914 ,, 0.0304 , 0.1218 , 0.1218 , 0.0321 , 0.0297 , 0.1191 , 0.0593 , 0.0607 , 0.0304 , 4.846 , 3.4733 , 1.3443 , 1.657 , 0.8308 , 2.2757 , 0.8424 , 1.4031 , 0.9385 , 1.1258 , 0.7385 , 1.3216 , 1.5361 , 0.541 , 0.2462 , 0.6583 , 0.4815 , 0.6544 , 0.7515 , 0.3622 , 0.4442 , 0.3516 , 0.401 , 0.5249 , 0.5173 , 0.2769 , 0.5781 , 0.2907 , 0.6106 , 0.6248 , 0.5232 , 0.2462 , 0.1218 , 0.053 , 0.0607 , 0.029 ,, 0.0304 , 0.0914 , 0.2325 ,, 0.0304 ,, 0.0307 ,,,, 0.1539 ,, 0.029 , 0.0321 , 0.0307 , 0.0307 , 0.0304 , 0.0304 , 0.0614 ,, 0.0304 ,, 0.0307 ,, 0.1504 , 4.0317 , 0.7608 , 2.6744 , 1.488 , 1.5208 , 0.4307 , 0.3347 , 0.9927 , 1.4408 , 1.5042 , 0.8001 , 0.1846 , 0.3611 , 0.4359 , 0.4563 , 0.1232 , 0.3779 , 0.2462 , 0.2738 , 0.3611 , 0.3043 , 0.6391 , 0.2407 , 0.1825 , 0.1846 , 0.4925 , 0.2434 , 0.2407 , 0.1504 , 0.1591 , 0.1539 ,, 0.1218 , 0.0307 ,,,,,,, 0.03 ,,,,, 0.0307 , 0.0307 ,, 0.0304 , 0.0307 , 0.0307 ,,"Bourbon,
						
							Sherry", 0.0304 ,,,, 0.0614 ,,,,,, 0.0307 ,,,, 0.0614 , 0.0307 , 0.0607 ,, 0.0307 ,, 0.0304 , 0.0307 ,,,,, 0.0614 ,,,,2013, 0.0321 , 0.0304 , 0.0614 ,,,,,,,,,,,,,
4.1,673,Diese Abfüllung von Glendronach reifte in einer Kombination aus feinsten spanischen Sherryfässern (Pedro Ximenez/Oloroso).Geschenkpackung mit Stielglas!,25481,Glendronach,"Schottland,
								
							
							
								
									Highlands",Single Malt Whisky,12 Jahre,43%,0.7 l,Originalabfüller,, 0.1482 , 0.0433 , 0.0244 , 4.2239 , 4.8616 ,, 0.0266 , 3.7419 ,, 1.0053 ,, 0.0266 , 1.8603 , 0.4791 , 2.3142 , 0.333 , 0.4629 , 0.7742 , 0.1828 , 0.5802 , 0.6113 , 0.8071 , 0.1926 , 0.1602 , 0.3168 , 0.1849 , 0.7394 , 0.1058 , 0.2297 , 0.1584 , 0.2348 , 0.0263 , 0.2112 ,, 0.1336 , 0.4487 , 0.1336 ,, 0.2375 , 0.3354 , 0.0263 , 0.0522 , 0.1321 , 0.0782 , 0.4006 , 0.0528 , 0.2269 ,, 0.1336 , 0.6864 ,,, 0.0263 , 0.1058 , 0.1058 , 0.264 , 0.0278 , 0.0773 , 0.5937 , 0.8775 , 0.1849 , 0.0528 , 0.287 , 3.1998 , 0.0882 , 2.2163 , 0.107 , 4.7125 ,, 2.0568 , 3.6804 ,,, 0.6839 , 0.6664 , 0.0275 ,, 2.5464 , 0.4437 , 0.2581 , 0.9464 , 0.3868 , 1.4928 , 0.1877 , 0.7426 , 0.5754 , 0.8711 ,, 0.1584 , 0.1766 , 0.5802 , 0.0773 , 0.267 , 0.107 , 0.0263 , 0.0691 , 0.6336 , 0.0756 ,, 0.1058 , 0.1058 , 0.9331 ,, 0.3431 ,,, 0.1849 , 0.1849 , 0.1584 , 0.2402 , 0.0266 , 0.0504 , 0.0278 , 0.0266 , 0.1602 , 0.0528 , 0.0791 , 0.1336 ,, 0.528 , 0.0266 , 0.347 ,, 0.2348 , 0.2784 , 0.0791 , 2.6229 , 2.9882 , 1.9485 ,, 0.0791 , 0.6787 , 4.2686 , 1.1223 ,,, 2.1141 , 1.6141 , 0.5543 ,, 0.2774 , 0.0534 , 0.5015 , 0.4959 , 0.0528 , 0.2375 , 0.1828 , 0.2112 , 0.08 , 0.187 , 0.1321 , 0.4699 , 0.287 , 0.2208 , 0.2136 , 0.1336 , 0.2375 , 0.0534 , 0.187 , 0.08 ,,, 0.0528 , 0.0266 , 0.0522 ,,,, 0.0528 ,, 0.2402 ,, 0.2112 , 0.08 ,,,Oloroso and Pedro Ximenez sherry casks,,, 0.0266 , 0.0266 ,, 0.0558 ,, 0.026 ,, 0.1321 , 0.0266 , 0.0558 ,, 0.0266 , 0.0534 , 0.0534 , 0.0791 ,, 0.0266 , 0.0266 , 0.0528 , 0.0266 ,, 0.0534 , 0.1849 ,,,, 0.1058 ,,, 0.0278 , 0.0263 , 0.107 , 0.0278 ,,,,,,,,,,,,
3.6,663,"Diese Abfüllung von Dalwhinnie ist einer der meistverkauften Classic Malts of Scotland. Das Aroma dieses Single Highland Malts zeigt Anklänge von Heidekraut und Torfrauch. Der milde, fruchtig-süße Geschmack leitet über zu einem exzellent langen Abgang.",23,Dalwhinnie,"Schottland,
								
							
							
								
									Highlands",Single Malt Whisky,15 Jahre,43%,0.7 l,Originalabfüller,, 1.3738 , 0.0323 ,, 4.2423 , 0.3798 ,,, 3.337 , 0.0394 , 0.9435 ,, 0.0398 , 0.8239 , 0.0376 , 1.7434 , 1.0316 , 0.7907 , 0.0798 , 0.0389 , 0.9047 , 3.1817 , 0.113 , 3.8139 , 0.3991 , 0.3157 ,, 0.4574 , 0.1183 , 0.0763 , 0.3157 , 0.4682 , 0.1972 , 0.0789 ,,, 0.0394 , 0.0398 , 0.2341 , 0.1183 , 0.1543 ,, 0.6632 , 3.4726 , 0.0389 ,, 0.0394 , 0.0376 , 0.1884 , 0.1995 ,, 0.0798 , 0.0394 , 0.1972 ,, 0.0394 , 0.0789 ,, 0.3858 , 0.0385 , 1.0028 ,, 0.2368 , 0.6864 , 4.6975 ,, 1.6564 ,, 0.3231 ,, 2.7922 , 3.3838 , 0.0394 , 0.0398 , 2.1048 , 0.1778 , 0.0412 ,, 1.2807 , 0.078 , 0.3086 , 2.2322 , 0.6505 , 0.5759 , 0.3156 , 0.7977 , 4.4435 , 0.0394 , 0.0398 ,, 2.8275 , 0.2638 ,, 0.2793 , 2.4344 , 0.1579 , 0.0344 , 0.1183 , 0.1884 ,, 0.3551 ,, 0.113 , 0.0394 , 0.0789 , 0.2793 ,, 0.5525 , 0.0789 , 0.0789 ,, 0.0398 , 0.0754 , 0.0834 , 0.0398 , 0.0398 , 0.0394 , 0.3157 ,,,,,, 0.3946 , 0.078 , 1.2486 ,, 3.9964 , 3.5737 , 1.4868 ,,, 2.6141 , 0.3526 , 0.6243 ,, 0.0398 , 0.5071 , 1.8851 , 0.1972 ,, 0.2262 ,, 0.3551 , 0.3121 ,, 0.0789 , 0.9754 , 0.1579 , 0.9178 , 0.1596 , 0.1183 , 0.5463 , 0.3121 , 0.0825 , 0.0798 , 0.0798 ,, 0.2793 , 1.3569 ,,,,,, 0.078 ,,,, 0.1183 , 0.0398 , 0.0398 ,,,,,,, 0.0394 , 0.2368 , 0.0398 , 0.0398 , 0.0398 ,, 0.1579 ,,, 0.0789 , 0.0798 ,, 0.0834 , 0.0398 ,,, 0.0789 , 0.0376 , 0.1196 , 0.0398 , 0.0394 , 0.1995 ,, 0.1196 ,,, 0.0798 ,, 0.0394 ,,,, 0.0789 ,,,The Classic Malts of Scotland, 0.078 , 0.0789 ,,,,,,,,,
4.1,607,"Schon die edle, dunkle Flasche gibt eine Vorstellung von der höheren Qualität und Komplexität dieses Malts. Die längere Lagerung und die besonderen Fässer lassen Eichentöne zusammen mit dem Sherry auf der Zunge entstehen.

Der 15-Jährige von Glenfarclas wird mit stärkeren 46% vol abgefüllt. Mit dieser Alkoholstärke genoss der Großvater des jetzigen Brennereibesitzers den Single Malt am liebsten.",1006,Glenfarclas,"Schottland,
								
							
							
								
									Speyside",Single Malt Whisky,15 Jahre,46%,0.7 l,Originalabfüller,, 0.9691 , 0.0505 , 0.0286 , 3.1592 , 4.7862 ,, 0.0936 , 2.7937 , 0.0309 , 1.9107 , 0.0313 , 0.0623 , 1.0459 , 0.2062 , 0.6169 , 1.945 , 0.7721 , 0.9351 , 0.0915 , 0.4221 , 0.3435 , 0.6772 , 0.253 , 0.3118 , 0.4314 , 0.0309 , 0.4764 , 0.1231 , 0.119 , 0.0309 , 0.3049 , 0.1231 , 0.2774 ,, 0.0936 , 0.2465 , 0.2806 ,, 0.0616 , 0.1505 ,, 0.0609 , 0.0925 , 0.0609 , 0.0313 ,, 0.1176 ,, 0.0936 , 0.0309 , 0.0313 ,, 0.0309 , 0.0309 , 0.0309 , 0.2465 , 0.0327 , 0.0302 , 0.241 , 0.1807 , 0.154 , 0.0925 , 1.0387 , 3.0992 , 0.1284 , 1.8357 , 0.0936 , 4.425 , 0.0609 , 3.1856 , 2.7379 , 0.0925 , 0.0313 , 2.043 , 1.0003 , 0.0323 ,, 1.4448 , 0.6094 , 0.4519 , 0.3437 , 0.5082 , 0.4779 , 0.2191 , 0.6231 , 0.4198 , 0.8629 , 0.0313 , 0.2158 , 0.3239 , 0.5006 , 0.0602 , 0.4051 , 0.2493 , 0.1231 , 0.1345 , 0.3083 , 0.0295 , 0.0616 , 0.1849 , 0.3391 , 0.5593 ,, 0.0925 , 0.0313 ,, 0.1231 , 0.4005 , 0.0309 , 0.1557 , 0.0313 , 0.2651 , 0.1301 , 0.0623 , 0.0936 , 0.1231 ,, 0.0623 , 0.0327 , 0.0616 ,, 0.1557 , 0.0616 , 0.2743 , 0.8533 ,, 2.7384 , 3.2098 , 1.8248 ,,, 0.8531 , 4.3228 , 1.0971 ,,, 1.2189 , 1.5902 , 0.5854 ,, 0.2062 ,, 0.3698 , 0.396 , 0.0309 , 0.2774 , 0.3352 , 0.2158 , 0.187 ,, 0.154 , 0.1523 , 0.1523 , 0.2901 , 0.4363 , 0.1245 , 0.1849 ,, 0.1245 ,, 0.0313 , 0.0646 , 0.1849 ,, 0.1217 ,,,, 0.0309 ,,,, 0.1231 , 0.1557 ,, 0.0313 ,Sherry - Oloroso, 0.0925 , 0.0309 , 0.0313 , 0.0623 ,,,,,, 0.0309 , 0.0313 ,,, 0.0623 , 0.0313 , 0.0936 , 0.1231 ,, 0.0313 , 0.0623 ,, 0.0313 , 0.0313 ,, 0.0616 ,,,, 0.0309 ,,,, 0.0309 ,,,, 0.0306 ,, 0.0313 , 0.0327 ,,,,,,,
4.8,522,"  Der 21-jährige Glendronach trägt den Zusatz 'Parliament'. Reifen durfte dieser besondere Single Malt Whisky in ausgwählten Oloroso- und Pedro Ximenez-Sherryfässern. Das Ergebnis ist ein wunderbar fruchtiger und runder Whisky. Den Namenszusatz Parliament trägt der Single Malt nach einer Ansammlung (engl. colony oder parliament) von Krähen, die seit 200 Jahren in den Bäumen nahe der Brennerei nisten. 
",7640,Glendronach,"Schottland,
								
							
							
								
									Highlands",Single Malt Whisky,21 Jahre,48%,0.7 l,Originalabfüller,, 0.0687 , 0.0668 , 0.0378 , 2.8311 , 4.792 ,,, 3.5252 , 0.0408 , 1.6984 ,, 0.0824 , 2.8047 , 1.2476 , 0.5071 , 0.1473 , 0.4089 , 1.4446 , 0.5648 , 0.6707 , 0.315 , 1.1695 , 0.0372 , 0.0824 , 0.2857 , 0.4898 , 0.6305 , 0.0815 , 0.4736 , 0.0815 , 0.0404 ,, 0.4079 , 0.0413 , 0.454 , 0.4079 , 0.2476 ,, 0.0408 , 0.7579 , 0.2449 ,, 0.0408 , 0.121 , 0.4953 ,, 0.2339 ,, 0.0413 ,,,, 0.0408 , 0.2449 , 0.1634 , 0.8976 , 0.0862 ,, 0.4787 , 0.1196 , 0.4898 ,, 0.2662 , 3.3936 , 0.0679 , 2.7545 ,, 4.3663 , 0.0806 , 2.3682 , 2.769 ,, 0.0824 , 0.5286 , 1.9864 ,,, 1.4715 , 1.6544 , 0.359 , 0.5853 , 0.2243 , 0.2977 , 0.4354 , 0.4305 , 0.2224 , 1.3465 , 0.2476 , 0.6121 , 0.039 , 2.2222 , 0.319 , 0.2476 , 0.0413 , 0.0815 , 1.1052 , 0.5304 ,, 0.0408 , 0.1223 , 0.2857 , 0.5848 ,, 0.0815 , 0.0824 , 0.0413 ,, 0.3264 , 0.0815 , 0.2476 ,, 1.0915 , 0.0432 ,, 0.3714 , 0.0815 , 0.0408 , 0.2476 ,, 0.1223 ,, 0.4125 ,, 0.0806 , 0.2689 ,, 2.8458 , 2.9934 , 3.0749 ,,, 1.049 , 4.0832 , 2.1787 ,,, 0.8069 , 1.4035 , 1.5508 ,, 0.2339 ,, 0.1634 , 0.686 , 0.0815 , 0.4489 , 0.1615 , 0.3264 , 0.0413 , 0.2476 , 0.204 , 0.121 , 0.2825 , 0.1708 , 0.7429 , 0.1237 , 0.3264 , 0.0824 , 0.3714 , 0.0824 , 0.0413 ,,,, 0.4438 , 0.0824 ,, 0.0413 , 0.0408 ,, 0.0413 , 0.0413 ,, 0.0824 , 0.0413 ,,, 0.204 ,, 0.0413 , 0.0413 ,,,,,, 0.1634 , 0.0413 , 0.0862 ,,, 0.0413 , 0.0824 , 0.0408 ,,, 0.0413 , 0.0815 ,,,, 0.1223 ,, 0.0824 ,, 0.0815 ,,,,,, 0.0862 ,The Ultimate,,,, 0.0432 ,,,,,,,
4.4,514,"Ardmore brennt nicht nur leicht rauchigen Malt, sondern auch ungetorften Malt, der Ardlear genannt wird. Die Abfüllung Ardmore Port Wood Finish aber ist '100% peated', wurde also aus leicht rauchigem Malt mit 12 ppm kreiert.
Üblicherweise reift die Brennerei ihre Malts anschließend in Quarter Casks nach. Dieser 12-Jährige lagerte jedoch in Bourbon- und Portweinfässern, um ihm ein fruchtigeres Aroma zu verleihen.",12454,Ardmore,"Schottland,
								
							
							
								
									Speyside",Single Malt Whisky,12 Jahre,46%,0.7 l,Originalabfüller,, 3.9756 , 0.0229 , 0.0259 , 2.4566 , 1.3236 ,, 0.1691 , 4.7144 , 0.6412 , 0.4443 , 0.0283 ,, 2.0615 , 0.213 , 0.2885 , 0.2262 , 0.8146 , 0.2255 , 0.0828 , 0.3307 , 0.4781 , 0.2397 , 0.1271 , 0.0847 , 0.6689 , 0.0557 , 0.3232 ,, 1.186 , 0.0557 , 0.3032 ,, 0.1395 ,, 0.0283 , 0.2509 , 0.0283 , 0.0276 , 0.028 ,, 0.0837 , 0.0276 , 0.0557 , 0.5512 , 0.3384 ,,,,,,,,, 0.028 , 0.0837 , 0.1952 , 0.0296 , 0.0273 , 1.2262 , 0.0273 , 0.1115 , 0.0557 , 4.7424 , 3.8788 , 0.1162 , 2.4507 , 0.0847 , 1.6434 , 0.0551 , 1.1302 , 4.5914 , 0.7804 , 0.1691 , 0.4461 , 0.5277 , 0.0583 ,, 0.4523 , 0.3309 , 1.1719 , 0.333 , 1.1998 , 0.178 , 0.4707 , 0.4164 , 1.8732 , 0.5017 , 0.1128 , 0.0837 , 0.1598 , 0.3993 , 0.0545 , 0.2821 , 0.141 , 0.0557 , 0.6331 , 1.4774 ,,, 0.446 ,, 0.1598 , 0.028 , 0.1395 , 0.0283 ,, 0.028 , 0.223 , 0.028 , 0.0283 ,, 0.2397 , 0.0296 , 0.0283 , 0.1128 , 0.0557 ,, 0.1974 ,, 0.1115 ,, 0.0564 ,, 0.9095 , 4.4099 ,, 3.7016 , 2.0952 , 2.1432 ,,, 0.6339 , 1.27 , 0.8821 , 0.1974 , 0.0564 , 1.1025 , 3.0893 , 0.5575 ,, 0.3993 , 0.0283 , 0.7247 , 0.4961 , 0.1395 , 0.1395 , 0.0828 , 0.3904 , 0.0564 ,, 0.223 , 0.1379 , 0.1654 , 0.0292 , 0.1974 , 0.1974 ,,, 0.3664 , 0.0283 ,, 0.0585 , 0.0557 ,, 0.2205 , 0.0283 , 0.0283 ,, 0.028 ,,,,, 0.0283 ,,,"Bourbon,
						
							Bourbon", 0.028 ,,, 0.0283 ,, 2.3574 ,,, 1.7092 , 0.028 , 0.0283 , 0.0296 ,,,, 0.0283 , 0.028 ,,, 0.0283 , 0.0557 ,,,, 0.6412 ,,,,, 0.0283 ,,,, 0.0564 , 0.1179 ,,, 0.0557 ,,,"Port,
						
							Port", 0.0885 , 0.3242 , 0.0336 ,,,
4.3,479,"Der 12-Jährige bietet mit seinen kräftigen 46,3% vol genügend Reserven zum Verdünnen mit etwas stillem Wasser. Bunnahabhain stammt aus dem Gälischen und bedeutet übersetzt 'Flussmündung', ein direkter Verweis auf den Margadale Fluss. Die Flasche ziert ein Seemann. Bunnahabhain war die erste Brennerei, die die Seefahrer bei der Rückkehr in ihre Heimat sahen.

Bester Whisky des Monats Dezember 2017 bei Whisky.de",19631,Bunnahabhain,"Schottland,
								
							
							
								
									Islay",Single Malt Whisky,12 Jahre,46.3%,0.7 l,Originalabfüller,, 1.1913 , 2.1093 , 2.2338 , 3.4358 , 4.0017 , 0.0324 , 0.0324 , 2.249 , 0.0644 , 1.0533 ,, 0.3574 , 1.5102 , 0.3992 , 0.9319 , 0.6664 , 0.5367 , 1.1054 , 0.1906 , 1.4741 , 0.634 , 0.4914 , 0.2639 , 0.2599 , 0.0644 , 0.0964 , 1.9871 , 0.1928 , 0.0623 , 0.1928 , 0.0953 , 0.0964 , 0.0644 ,, 0.0651 , 0.1608 , 0.195 ,, 0.1286 , 0.3142 , 0.1286 , 0.0317 , 0.1286 , 0.0637 , 0.195 , 0.0964 , 0.1536 , 0.0615 ,, 0.0644 , 0.0975 ,,, 0.0644 , 0.0644 , 0.257 , 0.1019 , 0.0629 , 0.2512 , 0.0313 , 0.3214 , 0.1286 , 1.0833 , 3.879 , 2.5456 , 1.8781 , 2.5033 , 4.3345 , 0.8582 , 2.709 , 2.9349 , 0.0964 , 0.0651 , 2.0085 , 0.6087 , 0.0335 ,, 2.782 , 0.3178 , 0.4084 , 1.3829 , 0.4711 , 0.4398 , 0.2285 , 1.2998 , 0.4379 , 1.1894 , 0.0651 , 0.032 , 0.2455 , 0.6141 , 0.0313 , 0.2599 , 0.1626 , 0.1608 , 0.0563 , 0.3858 , 0.0615 ,, 0.1608 , 0.1608 , 0.522 , 0.032 , 0.1286 , 0.0975 ,, 0.0964 , 0.1608 , 0.225 , 0.0651 ,, 0.215 , 0.3736 , 0.0324 , 0.0975 ,,, 0.195 , 0.0338 , 0.1608 ,, 0.0324 ,, 0.0953 , 0.9112 , 1.093 , 4.2996 , 2.8528 , 2.175 , 0.8127 , 0.3858 , 1.0487 , 2.8719 , 1.2397 ,,, 1.7479 , 1.0442 , 0.7072 , 0.0975 , 0.3686 ,, 0.4822 , 0.4768 , 0.0644 , 0.225 , 0.3494 , 0.225 , 0.2927 ,, 0.1608 , 0.159 , 0.6676 , 0.2016 , 0.2276 ,, 0.0644 ,, 0.3574 , 0.0651 ,,, 0.032 ,,, 0.0651 ,,,, 0.0324 , 0.0651 , 0.0324 ,, 0.0651 ,, 0.0324 ,"Bourbon,
						
							Sherry,
						
							Whisky", 0.0644 , 0.032 , 0.0651 , 0.1301 , 0.0324 ,,,, 0.0681 , 0.0964 , 0.0324 , 0.3059 ,, 0.0324 ,, 0.0651 , 0.0644 ,, 0.0324 ,, 0.032 , 0.0651 ,,,,, 0.1301 ,, 0.0644 , 0.0651 ,,, 0.032 ,,,,,, 0.0651 ,,, 0.0681 ,,,,,
4.6,459,"Der neue 18-jährige Glendronach trägt den Zusatz Allardice (Gründer der Glendronach Distillery James Allardice) und vervollständigt die bisher relativ überschaubare Produktpalette um einen weiteren, erstklassigen im Sherryfass gelagerten Single Malt Whisky.",983,Glendronach,"Schottland,
								
							
							
								
									Highlands",Single Malt Whisky,18 Jahre,46%,0.7 l,Originalabfüller,, 0.0747 ,,, 3.127 , 4.2047 ,,, 3.1515 ,, 1.9213 ,,, 2.0801 , 1.2265 , 0.3362 , 0.1995 , 0.6653 , 1.612 , 0.4378 , 2.3264 , 0.4177 , 1.4381 , 0.0807 , 0.0895 , 0.5755 , 0.62 , 0.8553 , 0.0442 , 0.3854 , 0.0885 ,,, 0.4428 ,, 0.3582 , 0.7527 , 0.1792 ,, 0.0885 , 0.9521 , 0.1772 ,,, 0.0875 , 0.3133 ,, 0.5498 ,, 0.0447 , 0.0442 ,,,,, 0.1772 , 0.974 , 0.0467 , 0.0432 , 0.7357 , 0.0432 , 0.2657 ,, 0.1444 , 3.2969 , 0.0368 , 2.7877 ,, 4.6649 , 0.0437 , 2.8863 , 2.6221 , 0.0442 ,, 0.3036 , 2.794 ,,, 1.7562 , 2.2325 , 0.3895 , 0.1763 , 0.7705 , 0.4846 , 0.1575 , 0.5838 , 0.2412 , 1.6381 , 0.403 , 0.6642 , 0.1271 , 2.8339 , 0.2597 , 0.1792 , 0.0895 ,, 0.3094 , 0.1772 , 0.0845 ,, 0.0885 , 0.5313 , 1.3536 ,, 0.133 ,,, 0.133 , 0.2657 , 0.133 , 0.2687 ,, 0.3807 , 0.0467 ,, 0.1345 , 0.1772 ,, 0.2238 , 0.0467 , 0.62 ,, 0.582 ,, 0.7442 , 0.1751 ,, 2.9609 , 2.3656 , 1.9405 ,,, 0.613 , 3.6389 , 1.9698 ,,, 1.8823 , 1.269 , 1.594 ,, 0.1271 ,, 0.8413 , 0.7878 , 0.0885 , 0.3985 , 0.0875 , 0.3542 , 0.0895 , 0.0895 , 0.0442 , 0.0437 , 0.2627 , 0.1853 , 0.8955 , 0.3133 , 0.2657 ,, 0.1345 ,,, 0.0923 , 0.2213 ,, 0.0875 , 0.0447 ,,,, 0.0895 , 0.0895 ,,, 0.2238 ,,,Sherry - Oloroso, 0.0885 ,,,,, 0.0936 ,,,, 0.2657 ,, 0.1406 ,,, 0.0447 , 0.1345 ,,,, 0.0447 ,,,,, 0.133 ,,,, 0.0885 ,,,,, 0.1345 ,,Berry's Perspective Series,,,,,,,,,,,
3.8,457,"Das ist der neue kräftige Three Wood von Auchentoshan. Nach etwa 10 Jahren Reifung in Ex-Bourbonfässern erfolgt eine Nachreifung für 2 Jahre im Oloroso Sherryfass bevor es für 6 weitere Monate zur Schlussreifung in ein süßes Pedro Ximenez Sherryfass geht.
",533,Auchentoshan,"Schottland,
								
							
							
								
									Lowlands",Single Malt Whisky,,43%,0.7 l,Originalabfüller,, 0.1246 , 0.0456 ,, 3.4339 , 4.3802 , 0.0562 ,, 3.4437 , 0.0556 , 2.1134 ,,, 1.4968 , 0.5303 , 0.6129 , 0.4002 , 1.2048 , 1.4593 , 0.3291 , 0.7423 , 0.1428 , 3.075 , 0.2023 , 0.0562 , 1.1655 , 0.0556 , 0.8576 , 0.1109 , 0.9661 , 0.1109 , 0.1646 ,, 0.1665 ,, 0.1122 , 0.1109 , 0.1122 ,,, 0.434 , 0.1109 , 0.1646 , 0.0556 , 0.1097 , 0.1122 , 0.1109 , 0.1591 ,,,,,,, 0.0556 ,, 0.8323 , 0.0587 ,, 0.4883 ,, 0.4439 ,, 0.2413 , 3.1371 , 0.0463 , 2.8017 , 0.0562 , 2.3933 ,, 2.4267 , 3.1496 ,,, 0.2961 , 0.5503 , 0.0581 ,, 3.3519 , 0.4939 , 0.2169 , 0.398 , 1.0674 , 0.7086 , 0.0986 , 0.7804 , 0.2521 , 1.0546 , 0.0562 , 0.1109 , 0.2652 , 0.9011 ,, 0.1684 , 0.1122 , 0.1665 , 2.4241 , 0.2219 , 0.0531 , 0.0556 ,, 0.0556 , 0.5303 ,,,,,, 0.0556 , 0.1665 , 0.0562 ,, 0.2652 ,,,,,, 0.0562 , 0.0587 , 0.1109 ,, 0.0562 , 0.1109 , 0.7132 , 0.3293 ,, 2.5449 , 2.3118 , 1.4508 ,,, 1.3717 , 1.983 , 0.7132 ,,, 0.9326 , 2.863 , 0.5551 ,,,, 0.3886 , 0.6585 ,, 0.3328 , 0.1646 , 0.3328 , 0.1122 ,, 0.2219 , 0.1097 , 0.3842 , 0.232 , 0.2808 , 0.1684 , 0.1665 ,, 0.1122 , 0.1122 ,,, 0.1109 ,, 0.4389 ,,,, 0.0556 ,, 0.1684 ,,,,,,"Bourbon,
						
							Bourbon", 0.0556 ,, 0.0562 , 0.1122 ,,, 0.0556 ,,, 1.8313 ,,,, 0.0562 ,, 0.0562 ,,,, 0.0562 , 0.0556 ,,, 0.0562 , 0.0556 ,,,,, 0.0562 ,,,, 0.0562 ,,,,,,,"Sherry - Oloroso,
						
							Sherry - Oloroso",,,,"Sherry - Pedro Ximenez,
						
							Sherry - Pedro Ximenez",,
4.0,451,"alte Ausstattung

Sein Aroma ist rauchig und malzig-süß. Der Geschmack ist passend kräftig, explosiv - ja sogar pikant. Es folgt ein gewaltiger Abgang, ein echter 'Nachbrenner'. Der Talisker gehört zu den würzigsten Malts, die derzeit erhältlich sind. ",1702,Talisker,"Schottland,
								
							
							
								
									Inseln",Single Malt Whisky,10 Jahre,45.8%,0.7 l,Originalabfüller,, 4.0914 , 2.9882 , 2.5099 , 1.7516 , 0.06 , 0.189 ,, 0.9661 , 0.1869 , 0.0828 , 0.189 , 1.7951 , 1.3817 , 0.1786 , 0.0645 , 0.5896 , 1.248 , 0.0945 , 0.1848 , 0.1707 , 0.2405 , 0.0893 , 0.0852 , 0.0945 , 0.0935 ,, 0.0903 , 0.654 ,, 0.0935 ,,,,,,,,, 0.0935 ,, 0.0935 ,, 0.0935 , 0.0924 ,, 0.5606 ,,,,,,,,,,,, 0.0914 , 0.0914 ,,,, 3.9098 , 1.5233 , 1.4016 , 4.5572 , 0.6614 , 0.204 , 1.3856 , 0.52 , 0.7492 , 0.0935 , 0.0945 , 1.2813 , 0.1685 , 0.1955 , 0.189 , 0.1685 , 0.0924 , 4.9313 , 0.0745 , 0.2568 , 0.1705 , 3.4046 , 0.0822 , 0.1697 , 0.3737 ,,,, 0.2679 ,, 0.5669 ,,, 0.0817 ,, 0.0893 ,, 0.1869 ,, 0.0893 , 0.0935 , 0.0935 ,, 0.0945 ,,,,,,,,,,,,,,,,,,, 2.34 , 0.9341 , 1.0709 , 0.5076 , 3.5195 , 0.189 , 0.841 , 1.1083 ,, 0.2772 , 0.189 , 0.0945 , 0.0924 , 0.2679 ,,, 2.2312 ,, 0.0935 , 0.1848 , 0.0935 , 0.0935 , 0.1848 , 0.1869 , 0.0945 ,, 2.0552 ,,, 0.1955 ,,,,,,,,,,,, 0.0945 ,,,,,, 0.0945 ,,,,,,,, 0.0945 ,,,,,,,,,, 0.0988 ,,,,,,,, 0.0935 ,,,,,,,,, 0.0945 ,,,,,,,,,,,,,,,,,
4.6,449,"Michael Jackson nennt die Geschmacksnoten so eng verwoben, dass man sie zunächst nicht trennen kann. Als trocken mit Eichentönen lässt er sich am ehesten beschreiben. Der Sherry ist immer spürbar. Ein sehr komplexer Malt.",1009,Glenfarclas,"Schottland,
								
							
							
								
									Speyside",Single Malt Whisky,25 Jahre,43%,0.7 l,Originalabfüller,, 0.2582 ,,, 3.9193 , 4.4798 ,,, 2.6957 , 0.0418 , 3.1838 ,,, 0.982 , 1.3179 , 0.6926 , 0.7538 , 0.9773 , 1.0148 , 0.1239 , 0.9922 , 2.1871 , 0.599 , 0.305 , 0.1691 , 0.8778 , 0.4598 , 1.4941 ,, 0.2425 , 0.1672 , 0.2066 ,, 0.1672 ,, 0.6341 , 0.3761 , 0.1267 , 0.1239 , 0.0837 , 0.9399 , 0.209 , 0.1239 , 0.0837 , 0.0413 , 0.296 ,, 0.2396 , 0.1598 , 0.0422 , 0.0418 ,,,,, 0.0837 , 0.3761 , 0.0441 , 0.1635 , 0.4904 , 0.1225 , 0.3761 ,, 0.3635 , 3.1585 , 0.0348 , 1.565 ,, 4.3588 , 0.0413 , 4.9854 , 2.7079 , 0.0418 ,, 0.6371 , 1.4698 ,,, 2.1103 , 0.7027 , 0.327 , 0.5328 , 0.6509 , 0.9533 , 0.0371 , 0.6247 , 0.8731 , 1.8392 , 0.4227 , 0.418 , 0.3593 , 0.9985 , 0.2043 , 0.2114 , 0.1691 , 0.0418 , 0.1826 , 0.3345 ,, 0.0418 , 0.1253 , 0.1672 , 0.5593 , 0.0418 , 0.1253 , 0.0847 , 0.0422 , 0.1672 , 0.1672 , 0.1672 , 0.1267 ,, 0.08 , 0.0885 ,, 0.0847 , 0.0837 , 0.1672 , 0.1267 ,, 0.209 ,, 0.1691 , 0.1253 , 0.4546 , 0.7715 ,, 2.6358 , 3.748 , 1.7035 ,,, 0.9093 , 3.9586 , 2.0666 ,,, 0.9921 , 1.1583 , 1.0868 ,, 0.1997 ,, 0.5854 , 0.6612 , 0.3345 , 0.2927 , 0.0828 , 0.418 , 0.0422 , 0.0422 , 0.0418 , 0.1654 , 0.3307 , 0.0875 , 0.6341 , 0.2536 , 0.1253 , 0.0422 , 0.3803 , 0.1267 , 0.0422 ,, 0.0837 ,, 0.1654 ,,,,, 0.0422 , 0.0422 ,,, 0.1691 ,,,Sherry, 0.0418 ,, 0.0422 , 0.0422 ,, 0.1768 , 0.0418 ,, 0.0441 ,, 0.0422 ,,,, 0.0847 , 0.0422 , 0.0418 ,, 0.0422 ,, 0.0418 ,,,, 0.0837 ,, 0.0422 ,, 0.0418 ,,, 0.0441 , 0.0418 ,,,, 0.0413 , 0.0418 ,,,,, 0.0441 ,,,,
4.2,420,"  Diese Neueinführung im Frühjahr 2013 von Talisker ist eine Hommage an die schottischen Kaufleute des 19. Jahrhunderts, die per Schiff den Portwein aus Portugal mitbrachten.

   Aroma:  Unmittelbar und süß, erinnert er an ein erloschenes Holzfeuer verbunden mit reifen Pflaumen, süßem Malz und Toffee. Abgerundet durch Zedernholz, Menthol, dunkler Schokolade und Vanille.   
Geschmack:  Weich und rund. Erst pfeffrig, entwickelt sich schnell der Torfrauch und verbindet sich mit Gewürzen und dunklen Früchten. Es folgt kräftiges Malz.  
   Abgang:  Lang, einprägsam und vollmundig. Trocken verbleibt der Torfrauch. ",6135,Talisker,"Schottland,
								
							
							
								
									Inseln",Single Malt Whisky,,45.8%,0.7 l,Originalabfüller,, 4.1932 , 2.4097 , 2.3064 , 2.5506 , 1.8329 , 0.0824 , 0.3714 , 3.0038 , 1.061 , 0.7228 , 0.0413 , 0.6601 , 1.1715 , 0.4679 , 0.6479 , 1.1404 , 0.2725 , 0.5364 , 0.0404 , 0.5848 , 0.175 , 0.1949 , 0.0743 , 0.2063 , 0.2449 , 0.2449 , 0.0787 , 0.0408 , 0.0788 , 0.0815 , 0.0806 ,, 0.1634 ,,, 0.1634 , 0.0413 , 0.0806 ,, 0.5185 , 0.204 ,,, 0.3227 , 0.1237 , 0.0815 , 0.039 ,, 0.0413 , 0.0408 ,,,, 0.0408 , 0.0408 , 0.9795 ,,, 1.2765 , 0.0797 , 0.0815 ,, 4.8353 , 2.8613 , 1.8709 , 3.7961 , 1.6507 , 1.849 , 0.8473 , 0.7136 , 2.8446 , 0.5713 , 0.1652 , 0.9639 , 0.9197 , 0.0427 , 0.1237 , 0.9197 , 0.4438 , 3.7897 , 0.2276 , 0.112 , 0.4838 , 1.7412 , 0.5738 ,, 0.6528 , 0.3301 , 0.1634 , 0.1949 , 0.5848 , 0.1196 , 0.4953 , 0.0824 , 0.0408 , 0.1427 , 0.7753 , 0.1169 , 0.0408 , 0.204 , 0.0408 , 0.1561 ,, 0.0408 , 0.0413 ,, 0.1223 , 0.4489 ,,,, 0.6236 ,, 0.0413 , 0.0824 , 0.0408 ,, 0.289 ,, 0.0408 ,, 0.0824 , 0.0408 ,, 4.008 , 1.1835 , 2.1832 , 1.8108 , 2.7297 , 0.9493 , 0.4898 , 0.8473 , 2.3696 , 1.2912 , 0.5364 , 0.2063 , 0.2421 , 1.6765 , 0.5713 ,, 1.4035 ,, 0.0815 , 0.4033 , 0.2449 , 0.3264 , 0.1615 ,, 0.1652 , 0.1652 , 0.9795 , 0.0806 , 0.0806 , 0.2133 , 0.289 ,, 0.1223 ,, 0.2063 ,,, 0.1704 , 0.0408 ,, 0.121 ,,,, 0.0815 ,,,,,,,,Bourbon, 0.0815 ,, 0.0413 ,,, 0.0432 ,,, 0.0862 ,,,,,,,,, 0.039 ,,,,,,, 0.3672 ,, 0.1652 ,,,,,,, 0.0413 , 0.1293 ,,,,,,Port, 0.0432 ,,,, 0.0854 ,
3.9,410,105 proof war das alte Maß für die Angabe des Alkoholgehalts. Dabei wurde der Whisky mit Schießpulver vermischt. Anhand der Explosionsstärke der Mischung konnte man den Alkoholgehalt berechnen. Der danach benannte Glenfarclas 105 reifte ausschließlich in Sherryfässern und wurde mit starken 60% vol abgefüllt.,1004,Glenfarclas,"Schottland,
								
							
							
								
									Speyside",Single Malt Whisky,,60%,1 l,Originalabfüller,, 0.8029 , 0.045 ,, 2.8528 , 4.0582 ,,, 3.5129 , 0.0548 , 3.9936 ,, 0.0554 , 1.196 , 0.6828 , 0.6074 , 0.7933 , 0.6429 , 0.7228 , 0.1088 , 0.9982 , 0.1414 , 0.788 , 0.4011 , 1.4461 , 0.4399 , 0.3299 , 0.5845 , 0.0548 , 0.2128 , 0.0548 , 0.9786 , 0.0548 , 0.1648 , 0.0554 , 0.0554 , 0.11 , 0.0554 , 0.1088 ,, 0.8062 , 0.0548 , 0.1088 , 0.2749 , 0.0542 , 0.0554 , 0.11 , 0.0524 , 0.1051 , 0.2225 ,, 0.0554 ,, 0.0548 , 0.1648 ,, 0.2749 ,, 0.0536 , 0.5376 , 1.7202 , 0.1648 ,, 1.1657 , 2.9294 , 0.0457 , 1.466 , 0.0554 , 4.353 ,, 3.9347 , 2.7479 ,,, 1.5085 , 1.289 ,,, 1.4376 , 0.4895 , 0.9138 , 0.3944 , 0.7553 , 0.6519 , 0.2443 , 0.8217 , 0.4496 , 0.8248 , 0.5561 ,, 0.3677 , 0.7356 , 0.2151 , 2.0576 , 0.1113 , 0.22 , 0.2401 , 0.3299 ,,, 0.3849 ,, 0.5781 , 0.11 , 0.11 , 0.1113 , 0.0554 , 0.3849 , 0.0548 , 0.11 , 0.1113 ,, 0.2626 , 0.058 ,, 0.1113 ,, 0.0548 , 0.0554 ,, 0.3299 , 0.1113 ,, 0.0548 , 0.1088 , 0.6524 , 0.0548 , 2.837 , 3.3366 , 1.9027 , 0.0554 ,, 0.4349 , 2.7021 , 1.3592 ,,, 0.8155 , 1.2609 , 0.5499 ,, 0.5254 ,, 0.4399 , 0.7613 , 0.22 , 0.2749 , 0.163 , 0.11 , 0.1113 , 0.1113 , 0.3299 , 0.163 , 0.2718 , 0.8051 , 0.3336 , 0.0554 , 0.2749 , 0.1113 , 0.2225 ,,,,,, 0.2176 , 0.0554 ,, 0.0554 , 0.11 ,, 0.1113 ,, 0.0548 , 0.0554 ,,,Sherry, 0.11 ,,, 0.1113 ,,,, 0.0542 ,, 0.1648 ,, 0.058 ,, 0.0554 ,,, 0.0548 ,,,,,,,, 0.1648 ,, 0.0554 ,,,,,, 0.0548 ,,,, 0.163 ,,,,,,,,,,
4.4,405,Diese neue Abfüllung ersetzt den bekannten 17-jährigen Bowmore. Er hat im Gesamteindruck deutlich an Komplexität zugenommen. Ein sehr gut ausbalancierter Single Malt.,645,Bowmore,"Schottland,
								
							
							
								
									Islay",Single Malt Whisky,18 Jahre,43%,0.7 l,Originalabfüller,, 4.7572 , 0.5634 , 0.4667 , 3.2346 , 3.1738 ,, 0.2316 , 2.5073 , 0.8702 , 1.0139 , 0.0927 , 0.3241 , 0.8367 , 0.6563 , 0.6322 , 0.3304 , 0.8414 , 0.8801 , 0.3169 , 2.2158 , 0.3929 , 0.3501 , 0.501 , 0.1851 , 0.5037 , 0.2291 , 0.4425 , 0.0916 , 0.2215 , 0.0916 , 0.181 , 0.0458 ,, 0.0927 , 0.0927 , 0.0916 , 0.0463 , 0.1359 , 0.1374 , 0.6715 , 0.0916 , 0.0453 , 0.2747 , 0.0906 , 0.0927 , 0.0916 , 0.0438 ,,, 0.0458 ,, 0.0458 , 0.0458 ,, 0.0916 , 0.3205 , 0.0484 , 0.0448 , 0.6268 , 0.1343 ,, 0.1374 , 4.9784 , 3.8334 , 0.9925 , 1.4287 , 0.7411 , 2.5 , 0.3624 , 1.6019 , 2.9947 , 0.5952 , 0.139 , 0.3838 , 1.3625 , 0.0958 , 0.2778 , 1.5275 , 0.8149 , 0.4478 , 0.5108 , 0.8807 , 0.8771 , 0.2036 , 1.2075 , 0.3742 , 0.7786 , 0.1851 , 0.1831 , 0.3501 , 2.5375 , 0.1789 , 0.1851 , 0.3241 , 0.2291 , 0.1201 , 0.4581 ,, 0.0458 , 0.0458 , 0.0916 , 0.4812 ,, 0.0916 , 0.0463 ,,, 0.0916 , 0.0458 , 0.0463 ,,, 0.0969 , 0.0927 , 0.0463 , 0.0916 , 0.0458 ,, 0.0484 ,, 0.0927 , 0.0463 , 0.0916 , 0.4075 , 3.9545 , 0.5495 , 3.0188 , 3.2348 , 1.7607 , 0.3706 , 0.1831 , 0.9508 , 2.0047 , 2.3093 , 0.3241 , 0.0927 , 0.7245 , 1.0938 , 1.3281 ,, 0.1749 ,, 0.5037 , 0.7245 , 0.1831 , 0.3205 , 0.2265 , 0.2291 , 0.1851 , 0.1851 , 0.3205 , 0.0453 , 0.2716 , 0.0479 , 0.4633 ,, 0.0458 , 0.0463 , 0.0927 ,,,, 0.0458 , 0.0927 , 0.1359 ,,,,,,,,, 0.139 ,,,Sherry - Oloroso, 0.0916 , 0.0916 ,,, 0.0463 ,,,,, 0.0916 ,,,,, 0.0927 ,, 0.3205 ,,, 0.0463 , 0.0916 ,,, 0.0463 , 0.0916 ,, 0.0927 ,,, 0.0463 ,,, 0.1374 , 0.0927 , 0.0484 ,,,,,,,,,,,, 0.0484 
4.5,369,"Der neue Whisky von Ardbeg, der 'Corryvreckan', wurde nach Europas größtem Meeresstrudel benannt. Er befindet sich nahe den Hebriden-Inseln Islay und Jura an der Westküste Schottlands. Nicht kühlgefiltert und mit 57,1% Vol. ist der 'Corryvreckan' der Inbegriff des ungezähmten Charakters Islays.",462,Ardbeg,"Schottland,
								
							
							
								
									Islay",Single Malt Whisky,,57.1%,0.7 l,Originalabfüller,, 4.4863 , 2.9939 , 3.063 , 2.583 , 0.3094 , 0.5574 , 0.5574 , 1.1733 , 0.8954 , 0.9149 , 0.7664 , 0.6966 , 1.3783 , 1.9742 , 0.7131 , 0.4347 , 0.9778 ,, 0.4086 , 0.3948 , 0.118 , 0.1315 , 0.4396 , 1.0447 , 0.2756 , 1.2398 , 0.1329 , 0.6198 ,, 0.069 , 0.2725 , 0.1376 ,, 0.1392 , 0.2089 , 0.2756 ,, 0.0682 , 0.1376 , 1.2792 , 0.069 ,, 0.2756 , 0.4086 , 0.0698 , 0.2756 ,,, 0.0698 , 0.069 ,,,,,,,, 0.1345 , 0.2694 , 0.0674 , 0.069 , 0.069 , 4.2305 , 2.9201 , 3.3872 , 3.5944 , 2.856 , 0.3009 , 1.4301 , 1.2047 , 1.4447 , 0.8264 , 0.3481 , 0.5248 , 2.6699 , 0.7202 , 0.5574 , 0.745 , 0.8171 , 3.6359 , 0.4938 , 0.7568 , 0.3769 , 0.796 , 0.4845 , 0.3126 , 0.2066 , 0.2089 , 1.9287 , 0.4607 , 1.2502 , 0.0674 , 0.8358 , 0.2787 , 0.2756 , 0.0603 , 0.069 , 0.1315 ,, 0.1376 , 0.069 , 0.0659 , 0.1376 ,,, 0.1392 , 0.069 , 0.069 , 0.1376 ,,, 0.0659 , 0.0729 ,,, 0.069 , 0.069 ,, 0.1455 , 0.069 , 0.0698 ,,, 0.1361 , 4.1315 , 1.6531 , 2.1716 , 1.3722 , 2.9656 , 1.1843 , 0.3442 , 0.4086 , 0.2462 , 2.5197 , 0.7664 , 0.3481 , 0.3403 , 0.8555 , 0.9644 , 0.4179 , 2.1716 , 0.6268 , 0.2066 , 0.3403 , 0.4132 , 0.8264 , 0.4768 , 0.2066 , 0.3481 , 0.5574 , 0.8954 , 0.545 , 0.2725 , 0.2882 , 0.1392 ,,, 0.0698 , 0.0698 ,, 0.0698 ,, 0.069 ,,, 0.1392 , 0.0698 ,,,,,,, 0.1392 ,,,,,, 0.2787 ,, 0.0698 ,, 0.2066 , 0.0682 , 0.0729 ,,,, 0.0729 , 0.1392 , 0.0698 , 0.0698 ,,,,,,,, 0.0698 , 0.069 ,, 0.0698 ,,,,,, 0.2066 ,, 0.1455 ,, 0.0682 , 0.069 ,,,,,, 0.0828 ,,,
4.0,366,"Dieser Single Malt wurde in Portweinfässern nachgereift. Mit etwas Wasser entwickeln sich Gewürznoten. Der Abgang ist sanft, weich und lang. Der alte Port Wood Finish war als Vorgängerflasche bei Genießern sehr beliebt.Nicht kühlgefiltert!",1140,Glenmorangie,"Schottland,
								
							
							
								
									Highlands",Single Malt Whisky,12 Jahre,46%,0.7 l,Originalabfüller,, 0.2018 ,,, 2.9184 , 1.7287 ,,, 3.2231 ,, 0.4772 ,,, 1.7967 , 1.0296 , 0.9297 , 0.1619 , 2.3243 , 0.2724 ,, 0.6559 , 0.3082 , 0.8577 , 0.3276 , 0.3634 , 1.5267 , 1.0777 , 0.9541 , 0.09 , 0.4341 ,, 0.089 ,, 0.7184 ,,, 0.3593 , 0.091 , 0.3553 , 0.1796 , 1.2289 ,,,, 0.3553 , 0.1816 , 0.09 , 0.1715 ,,,,,,, 0.2693 , 0.1796 , 0.6285 ,, 0.1755 , 0.5268 , 0.2633 , 0.09 , 0.09 , 0.1464 , 3.2701 ,, 2.4449 ,, 1.4215 ,, 0.5712 , 2.8251 ,,, 0.2052 , 1.5381 ,,, 2.6714 , 1.687 , 0.4388 , 0.787 , 2.0559 , 1.8836 , 0.6386 , 0.4737 , 0.6524 , 0.2693 ,, 0.2693 , 0.6864 , 3.5174 ,, 0.2724 ,, 0.09 , 0.3922 , 0.4489 ,,,,, 0.4289 ,, 0.09 , 0.091 ,,, 0.1796 , 0.1796 ,,, 0.4289 , 0.0951 ,, 0.2724 , 0.09 , 0.09 , 0.2724 ,, 0.2693 ,, 0.2724 ,, 1.598 , 0.0593 ,, 2.9167 , 1.1384 , 1.5189 ,,, 0.9766 , 1.3639 , 0.9766 ,,, 1.0656 , 1.4585 , 0.9878 ,, 0.1715 ,, 0.5389 , 1.7757 ,,, 0.3553 , 0.5389 , 0.091 ,, 0.09 , 0.089 , 0.1775 , 0.0941 ,, 0.2724 , 0.09 ,,,, 0.2724 ,,,,,,,,,,,, 0.09 ,,,,Bourbon, 0.1796 ,,, 0.1816 , 0.091 ,,, 0.7103 ,,,,,,,,, 0.09 ,,,, 0.2693 ,,,, 0.09 ,, 0.091 ,,,,,, 0.09 ,,,,,,,,Port - Ruby,,,,,,
